velocityx,velocityy,velocityz, attitudew,attitudex,attitudey,attitudez,error attitudew,error attitudex,error attitudey,error attitudez, filtered velocityx,filtered velocityy,filtered velocityz, filtered attitudew,filtered attitudex,filtered attitudey,filtered attitudez, sliding variablex,sliding variabley, sliding variablez, control signalx,control signaly,control signalz 
-0.00919274,-0.000953152,-0.00450022,0.999868,-0.0064625,0.00851304,0.0122081,-0.643196,0.166053,-0.738898,-0.112914,-0.0168574,-0.00174213,-0.00824277,0.999997,-6.76813e-05,8.91864e-05,0.000127904,-4.99844,22.1652,3.37919,-1.88878e-05,9.33465e-07,-4.40564e-06
0.0114084,-0.00130137,-0.00721551,0.999797,0.00157896,0.000284055,0.0200652,-0.643188,0.165999,-0.738912,-0.112966,0.0176151,-0.00120445,-0.00698936,0.999999,-7.03495e-05,8.90115e-05,0.000203858,-4.96235,22.1661,3.38198,1.55046e-05,1.46589e-06,-8.73612e-07
0.00103573,-0.0150872,-0.0179107,0.99992,0.00590519,0.0104557,-0.00385309,-0.643176,0.165996,-0.738928,-0.112935,-0.00101528,-0.016805,-0.0192629,1,-4.60821e-05,0.000113506,0.000190139,-4.9809,22.151,3.36878,-2.39774e-06,-1.33999e-05,-1.35587e-05
-0.0035118,0.00609539,0.00576715,0.999918,-0.00833249,0.00410827,-0.00884574,-0.643179,0.166025,-0.738921,-0.112929,-0.00376024,0.00837094,0.00825406,1,-6.13087e-05,0.000111257,0.000163468,-4.98452,22.176,3.39613,-5.5995e-06,1.17086e-05,1.31581e-05
0.00902463,0.00648828,-0.0232144,0.999769,-0.00285091,-0.0186871,-0.0101889,-0.643195,0.166034,-0.738904,-0.112931,0.0101149,0.00632774,-0.0258984,1,-6.73478e-05,8.92641e-05,0.000153379,-4.97091,22.1735,3.36203,8.09446e-06,9.00566e-06,-2.1297e-05
-0.00498567,0.00184057,0.00564682,0.999957,-0.00597787,-0.00701726,-0.00100365,-0.6432,0.166046,-0.738898,-0.112923,-0.00614074,0.00149756,0.00805959,1,-6.88091e-05,8.42685e-05,0.000137625,-4.98753,22.1684,3.39574,-8.20501e-06,4.02562e-06,1.21883e-05
-0.00951268,-0.00328817,-0.00724726,0.999935,-0.00895732,-0.00455897,-0.00546757,-0.643201,0.166055,-0.738894,-0.112932,-0.00975305,-0.00362868,-0.00833639,1,-8.15199e-05,8.02403e-05,0.000136232,-4.9914,22.1632,3.37962,-1.21986e-05,-1.22147e-06,-4.24943e-06
-0.0224466,0.00766782,0.00347798,0.999969,-0.00592882,4.66318e-05,-0.00509545,-0.643202,0.166069,-0.73889,-0.112934,-0.0233107,0.00843645,0.00428176,1,-9.24139e-05,7.81962e-05,0.000126701,-5.00538,22.1751,3.3923,-2.60831e-05,1.07823e-05,8.0828e-06
-0.00203262,-0.000269954,0.00368715,0.999867,0.00941082,0.0126855,-0.0041455,-0.64319,0.166075,-0.738899,-0.112934,-0.000621762,-0.00084709,0.00364793,1,-9.72353e-05,9.36506e-05,0.000125428,-4.98286,22.1661,3.39168,-3.53882e-06,1.96243e-06,7.41077e-06
0.0127539,-0.0189491,0.0104509,0.9997,-0.0107703,0.0111233,0.0189831,-0.64318,0.166069,-0.738906,-0.11295,0.0136307,-0.0201357,0.010897,1,-0.000106004,0.000101884,0.000142336,-4.96843,22.1471,3.3994,1.04506e-05,-1.70792e-05,1.51671e-05
0.00645895,-0.000716354,-0.0142869,0.999684,-0.00122834,0.0237081,-0.00825645,-0.643177,0.166065,-0.738911,-0.112944,0.00599057,0.000552446,-0.0159324,1,-9.92658e-05,0.000108101,0.000142196,-4.97596,22.1679,3.37239,3.01259e-06,3.79548e-06,-1.16665e-05
0.00334457,-0.00579958,-0.0122024,0.999757,0.00422136,0.0215569,-0.00208258,-0.643168,0.16607,-0.73892,-0.11293,0.00317123,-0.0062159,-0.0119583,1,-9.29398e-05,0.000123297,0.000131807,-4.97894,22.1614,3.37595,3.83033e-07,-2.51698e-06,-8.00412e-06
0.00178193,0.000936303,0.00194409,0.999952,-0.0061692,-0.00714959,-0.00245881,-0.643175,0.166077,-0.738913,-0.112928,0.00169024,0.00140801,0.00286097,1,-9.51802e-05,0.000115057,0.000123461,-4.98063,22.1688,3.3907,-1.16516e-06,4.85972e-06,6.56481e-06
0.00147194,0.0104959,5.86479e-05,0.999881,0.0135718,0.00564821,-0.00465326,-0.643173,0.166073,-0.738916,-0.112919,0.00145729,0.0111009,-0.000127619,1,-8.56526e-05,0.000119316,0.000122048,-4.98072,22.1786,3.38745,-1.11229e-06,1.46804e-05,3.53382e-06
0.00679764,6.53548e-05,-0.00526198,0.999331,0.0160961,0.00733984,-0.0319983,-0.643169,0.166081,-0.738921,-0.112897,0.00715677,-0.000676089,-0.00560729,1,-7.50885e-05,0.000129832,0.000102615,-4.97528,22.167,3.38131,4.90412e-06,3.21888e-06,-2.52882e-06
0.00674939,-0.00554368,0.00974452,0.999988,0.00154313,-0.0033626,-0.00315447,-0.643173,0.166082,-0.738919,-0.112891,0.00672187,-0.00587438,0.0107878,1,-7.01748e-05,0.000127429,9.76116e-05,-4.97573,22.1617,3.39751,4.61663e-06,-2.05152e-06,1.37162e-05
-0.00896015,0.00189764,-0.00305537,0.999872,0.00476317,-0.00570258,-0.0141995,-0.643179,0.166078,-0.738915,-0.112886,-0.0100375,0.00243161,-0.00400633,1,-6.37294e-05,0.000120893,9.55746e-05,-4.99238,22.1699,3.38257,-1.19494e-05,6.05839e-06,-1.13909e-06
0.0203349,-0.00399423,0.000178089,0.999941,0.00816032,-0.00655023,0.00279397,-0.64318,0.166079,-0.738914,-0.112887,0.0224445,-0.00444042,0.000468789,1,-6.48225e-05,0.00011861,9.48193e-05,-4.95993,22.163,3.38706,2.04998e-05,-8.82128e-07,3.31337e-06
-0.00788682,0.0111499,4.6372e-06,0.999929,-0.00844989,0.0052097,0.00655107,-0.643181,0.166071,-0.738915,-0.112883,-0.0100159,0.0122446,-2.78205e-05,1,-5.68024e-05,0.00011884,9.85017e-05,-4.99216,22.1797,3.38646,-1.172e-05,1.58098e-05,2.92723e-06
0.0016125,-0.00304563,-0.0148643,0.99994,-0.000704387,0.0103321,-0.00360996,-0.643171,0.166078,-0.738922,-0.112884,0.00243701,-0.00412983,-0.0159167,1,-6.26976e-05,0.000130917,9.65694e-05,-4.9799,22.1635,3.3706,5.56077e-07,-2.02321e-07,-1.30196e-05
-0.00720304,-0.000631405,0.0119465,0.999992,0.00234221,0.002153,-0.00253466,-0.643174,0.166084,-0.73892,-0.112876,-0.00789364,-0.000380765,0.0139422,1,-6.01287e-05,0.000129646,8.64018e-05,-4.9904,22.1672,3.40022,-9.6975e-06,3.5086e-06,1.65343e-05
-0.0171545,-0.0109786,0.00847777,0.999706,-0.0173081,-0.016963,-0.000918034,-0.643177,0.166086,-0.738914,-0.112891,-0.0178245,-0.0117448,0.00808322,1,-7.30446e-05,0.000120979,9.36461e-05,-5.00039,22.1557,3.39483,-2.00158e-05,-8.1154e-06,1.08926e-05
0.0016894,-0.00995354,-0.00962146,0.999987,-0.00164764,0.00102349,-0.00472201,-0.64318,0.16609,-0.738909,-0.112902,0.00311234,-0.00982316,-0.0109128,1,-8.3708e-05,0.000114896,9.57962e-05,-4.9796,22.1575,3.37614,6.01097e-07,-6.37628e-06,-8.03887e-06
0.0129924,-0.00419575,-0.000267219,0.999958,-0.003102,-0.0077807,-0.00372336,-0.643188,0.166095,-0.738902,-0.112898,0.0137192,-0.00378195,0.000515663,1,-8.34187e-05,0.000105676,8.79151e-05,-4.96913,22.1633,3.38745,1.12167e-05,-6.11662e-07,3.15312e-06
-0.0289802,-0.00129408,-0.00613564,0.99978,0.0205454,0.00202746,-0.00369019,-0.643191,0.166085,-0.738903,-0.112884,-0.0321456,-0.00110964,-0.00662871,1,-6.61193e-05,0.000104477,8.64293e-05,-5.01469,22.166,3.3799,-3.41292e-05,2.02468e-06,-4.03584e-06
-0.00677526,-0.0231088,-0.00205578,0.999951,-0.0071564,0.00302267,0.00617322,-0.643188,0.166099,-0.738901,-0.112899,-0.00488156,-0.0247519,-0.00171442,1,-8.72475e-05,0.000105212,8.5561e-05,-4.98785,22.1423,3.38527,-7.49899e-06,-2.15955e-05,8.52412e-07
-0.0131531,0.00535127,-0.0160175,0.999994,0.00148399,0.00325516,-0.000290317,-0.643196,0.1661,-0.738893,-0.112902,-0.0137754,0.00761445,-0.0170932,1,-8.92424e-05,9.29038e-05,8.44363e-05,-4.99677,22.1744,3.36997,-1.64527e-05,1.04016e-05,-1.45601e-05
-0.00540367,-0.00193029,0.0144261,0.999926,0.00829263,0.00277784,0.00843421,-0.643192,0.166107,-0.738895,-0.1129,-0.00477066,-0.0026524,0.0168113,1,-9.31148e-05,9.83429e-05,7.87059e-05,-4.98798,22.1642,3.40382,-7.5641e-06,2.97887e-07,1.91725e-05
-0.00665598,0.00586448,-0.00779213,0.999858,0.000674816,0.0128703,0.0108726,-0.643187,0.166099,-0.7389,-0.11291,-0.00679999,0.00651333,-0.009665,1,-9.5423e-05,0.000102557,9.28479e-05,-4.98976,22.1735,3.37765,-9.66268e-06,9.59003e-06,-6.87956e-06
0.000705315,-0.0122803,0.00637688,0.999773,0.0170573,0.00275943,0.0124676,-0.643184,0.166097,-0.738903,-0.112907,0.00127975,-0.0137195,0.00760582,1,-9.1641e-05,0.000107345,9.29331e-05,-4.98162,22.1534,3.39481,-1.46948e-06,-1.04991e-05,1.03938e-05
0.00909771,0.00673126,0.00737739,0.999893,0.000672311,-0.014164,0.00367601,-0.643194,0.16609,-0.738895,-0.112912,0.00969944,0.00830543,0.00735977,1,-9.05984e-05,9.34992e-05,9.87192e-05,-4.973,22.1752,3.39473,6.98149e-06,1.11104e-05,1.03213e-05
0.00758459,0.00561573,-0.0105415,0.999872,0.0117484,0.0087172,-0.00653675,-0.64319,0.166083,-0.738902,-0.112904,0.00742112,0.00540815,-0.0119262,1,-8.0094e-05,0.000101838,9.99383e-05,-4.97508,22.1725,3.37519,5.0183e-06,8.4633e-06,-8.92803e-06
0.0124119,0.0173309,-0.00169099,0.999977,-0.00658667,-0.000807413,0.00147008,-0.643189,0.166087,-0.738903,-0.112899,0.0127999,0.0182579,-0.000895815,1,-7.87613e-05,0.000104452,9.39033e-05,-4.96982,22.1853,3.38606,1.04371e-05,2.13914e-05,1.92129e-06
0.0164772,-0.00257587,0.00196322,0.999826,0.00855936,0.00607661,-0.0154028,-0.643182,0.166087,-0.738911,-0.112884,0.0167646,-0.00420124,0.00218654,1,-6.79779e-05,0.00011713,8.6816e-05,-4.96585,22.1631,3.3887,1.47252e-05,-6.87344e-07,4.79102e-06
-0.00447406,0.00571757,-0.00285666,0.999946,0.00976005,0.000509617,-0.00362259,-0.643186,0.166078,-0.738911,-0.112874,-0.00613784,0.00649486,-0.00325172,1,-5.4518e-05,0.000114962,8.64648e-05,-4.98849,22.1738,3.38297,-7.77338e-06,9.94371e-06,-6.57776e-07
-0.00804423,0.00455219,-0.00190206,0.999605,0.000398535,0.00378347,0.027854,-0.64318,0.166074,-0.738916,-0.112882,-0.00819452,0.00439976,-0.00179612,1,-5.77359e-05,0.000120108,9.63065e-05,-4.99041,22.1719,3.38466,-9.9266e-06,8.00299e-06,1.09307e-06
0.00422682,0.00192875,0.000517619,0.999271,0.0368201,-0.00764902,-0.00656665,-0.643183,0.166069,-0.738916,-0.112872,0.00520713,0.00173397,0.000700245,1,-4.69128e-05,0.000119313,9.2531e-05,-4.97688,22.1692,3.38685,3.79975e-06,5.31335e-06,3.47618e-06
-0.00774312,0.0110284,-0.0130858,0.999777,-0.00116584,-0.0205092,-0.00494213,-0.643189,0.166068,-0.738911,-0.11287,-0.0087685,0.0117647,-0.0141773,1,-4.4485e-05,0.000111725,9.08332e-05,-4.99082,22.1791,3.37192,-1.01031e-05,1.51165e-05,-1.14523e-05
-0.00965392,-0.0167131,0.00766859,0.999972,-0.00439469,-0.0050556,0.00342204,-0.643186,0.166078,-0.738912,-0.11287,-0.00972468,-0.0189746,0.00940338,1,-5.11465e-05,0.000116129,8.4333e-05,-4.99206,22.1484,3.39551,-1.12591e-05,-1.54907e-05,1.19334e-05
0.00488942,-0.0139294,-0.0106949,0.999943,0.00828349,-0.00661056,-0.00109837,-0.643195,0.166074,-0.738904,-0.112877,0.00605303,-0.013528,-0.0122954,1,-5.31288e-05,0.000102833,8.90683e-05,-4.97617,22.1536,3.37401,4.45917e-06,-1.04431e-05,-9.6233e-06
0.00430299,-0.00804156,-0.000197189,0.99988,0.0129136,-0.00552081,-0.00650264,-0.643204,0.166075,-0.738897,-0.112866,0.00416347,-0.0076038,0.000768591,1,-4.44719e-05,9.30234e-05,7.95482e-05,-4.97807,22.1593,3.38675,2.82931e-06,-4.8131e-06,3.15504e-06
0.0156925,0.0084494,-0.00166991,0.999843,0.00611069,-0.0113192,-0.0121977,-0.643212,0.166074,-0.738891,-0.112861,0.0166156,0.00973455,-0.00186501,1,-3.9657e-05,8.416e-05,7.49825e-05,-4.9656,22.1765,3.38396,1.54259e-05,1.22593e-05,3.84467e-07
0.0105477,-0.0023793,-0.00312158,0.999874,0.00595066,0.00575875,-0.013542,-0.643209,0.166072,-0.738896,-0.112847,0.0100614,-0.00335089,-0.00322239,1,-2.80029e-05,9.18639e-05,6.84322e-05,-4.9721,22.1635,3.38218,9.22127e-06,-5.94978e-07,-1.16942e-06
-0.00776092,0.000684504,0.00174314,0.999854,-0.00502774,0.0150638,-0.0063678,-0.643207,0.166073,-0.738899,-0.112841,-0.00919379,0.00100889,0.00214249,1,-2.44335e-05,9.6045e-05,6.40458e-05,-4.9914,22.168,3.38736,-9.9268e-06,3.89024e-06,4.06386e-06
-0.00533844,-0.00629927,-0.00654468,0.999603,0.0078377,-0.0267705,-0.00395331,-0.643214,0.166074,-0.738892,-0.112843,-0.00502814,-0.00688817,-0.00724455,1,-2.63771e-05,8.57998e-05,6.36194e-05,-4.98724,22.1599,3.37806,-5.81946e-06,-4.31417e-06,-5.33597e-06
-0.0161581,0.000291777,-0.00922506,0.999965,-0.00255175,0.00766395,0.00228979,-0.643215,0.166079,-0.73889,-0.112844,-0.0170568,0.000871204,-0.00938517,1,-3.01819e-05,8.50133e-05,6.04885e-05,-4.99941,22.1676,3.37595,-1.79623e-05,3.4216e-06,-7.57052e-06
0.0111545,0.0108207,-0.00419865,0.999892,0.013039,-0.00618806,-0.00262217,-0.643216,0.166086,-0.738888,-0.112844,0.0134353,0.0116254,-0.00377951,1,-3.44295e-05,8.299e-05,5.42033e-05,-4.96913,22.1783,3.38154,1.24024e-05,1.41151e-05,-2.15341e-06
0.00139433,-0.0139949,0.000556342,0.999829,-0.0036099,-0.014541,0.0108401,-0.643217,0.16608,-0.738889,-0.112841,0.000419514,-0.0160696,0.000907414,1,-2.83935e-05,8.36151e-05,5.64053e-05,-4.98199,22.1506,3.38613,-4.32289e-07,-1.35611e-05,2.59957e-06
0.000407353,-0.0005147,-0.00890115,0.999574,-0.0234331,0.00423414,-0.0168808,-0.643221,0.16609,-0.738882,-0.112845,0.000406213,0.000746652,-0.00969686,1,-3.74684e-05,7.63414e-05,5.01737e-05,-4.98229,22.1672,3.37564,-7.1784e-07,3.03689e-06,-8.19165e-06
0.0040899,-0.00029937,0.00374265,0.999894,0.0136267,0.00244083,0.0045214,-0.643221,0.166089,-0.738883,-0.112838,0.00438905,-0.000384243,0.00483411,1,-3.18212e-05,7.76943e-05,4.65628e-05,-4.97828,22.1661,3.38997,3.43441e-06,1.94659e-06,6.231e-06
-0.00637347,-0.000205625,-0.0115626,0.99999,0.00364705,-0.000664105,0.0025127,-0.643222,0.166084,-0.738884,-0.112837,-0.00724881,-0.000191028,-0.0128962,1,-2.79275e-05,7.7187e-05,5.02241e-05,-4.98976,22.1663,3.37223,-8.08663e-06,2.12458e-06,-1.13895e-05
0.00450523,-0.0164799,0.00488305,0.999868,-0.0159596,0.00286858,0.000598463,-0.64322,0.166096,-0.738882,-0.11284,0.00546235,-0.0178065,0.00633064,1,-3.82466e-05,7.81839e-05,4.32788e-05,-4.97741,22.1487,3.39154,4.31495e-06,-1.5461e-05,7.629e-06
0.00549872,0.00221166,-0.00128566,0.999945,0.0084862,0.00581293,0.00186796,-0.643227,0.166088,-0.738879,-0.11284,0.0055019,0.00384336,-0.0019064,1,-3.18523e-05,7.05562e-05,4.7514e-05,-4.97712,22.1702,3.38328,4.54633e-06,5.96005e-06,-4.80986e-07
0.0292539,0.00436568,0.0136827,0.999711,-0.00891331,0.00895197,0.0204721,-0.643222,0.166083,-0.738883,-0.112844,0.0311929,0.00440849,0.014955,1,-3.22926e-05,7.61867e-05,5.4496e-05,-4.95131,22.1709,3.40026,3.02241e-05,6.69409e-06,1.65899e-05
-0.00416125,-0.00465305,-0.0107188,0.999868,-0.0138999,-0.00792535,0.00273881,-0.643223,0.166069,-0.738886,-0.112841,-0.00704886,-0.00539324,-0.0128159,1,-2.04203e-05,7.5489e-05,6.38577e-05,-4.98911,22.1612,3.37241,-7.66147e-06,-3.12857e-06,-1.09002e-05
-0.00350257,0.00829432,-0.00651898,0.999952,-0.0019105,-0.00959975,0.000855063,-0.643228,0.166076,-0.73888,-0.112841,-0.00321283,0.00941368,-0.00600442,1,-2.50761e-05,6.86977e-05,5.70508e-05,-4.98549,22.1758,3.37923,-3.96511e-06,1.14746e-05,-4.2929e-06
-0.0220256,0.0131785,-0.0106995,0.999773,1.38555e-05,0.0188898,-0.00989349,-0.643219,0.166084,-0.738887,-0.112836,-0.0235657,0.0134872,-0.011084,1,-2.68443e-05,8.13012e-05,4.98169e-05,-5.00608,22.1801,3.37399,-2.4371e-05,1.59263e-05,-9.5895e-06
0.00125486,0.0119088,-0.00125058,0.999761,-0.00715363,-0.00615165,0.0197173,-0.643213,0.166093,-0.738888,-0.112848,0.00328727,0.0117802,-0.000445515,1,-4.27192e-05,8.63526e-05,5.13581e-05,-4.97952,22.1784,3.38498,2.0057e-06,1.43708e-05,1.09523e-06
-0.00177004,-0.0130679,-0.0106347,0.999745,0.0170384,0.00267155,0.014603,-0.643208,0.166085,-0.738895,-0.112844,-0.00218448,-0.0151045,-0.0114699,1,-3.42162e-05,9.39053e-05,5.67995e-05,-4.98473,22.1517,3.37384,-3.21096e-06,-1.22873e-05,-9.76593e-06
-0.00365882,-0.00511186,0.0125298,0.99968,-0.0181312,0.0108693,-0.0139187,-0.643211,0.166098,-0.738889,-0.112843,-0.00377982,-0.00429262,0.0144984,1,-4.24955e-05,8.9725e-05,4.49728e-05,-4.98673,22.1624,3.39978,-5.05469e-06,-1.60087e-06,1.58476e-05
0.00428591,0.00554479,0.00268703,0.999633,0.0243894,-0.00412369,0.0110232,-0.643214,0.166084,-0.73889,-0.112846,0.00494802,0.0063523,0.00171808,1,-3.50656e-05,8.56973e-05,5.73064e-05,-4.97757,22.173,3.38709,3.89605e-06,8.92322e-06,3.43727e-06
-0.00344661,0.00524151,-0.000694308,0.999864,0.00495032,-0.011523,0.0107162,-0.643215,0.166077,-0.738891,-0.112846,-0.00413607,0.00515069,-0.000892393,1,-3.0375e-05,8.4701e-05,6.24144e-05,-4.98645,22.1719,3.38448,-5.04732e-06,7.69172e-06,9.8004e-07
0.0119552,-0.0166303,-0.00312609,0.999912,0.00376228,-0.00947088,-0.00845526,-0.643216,0.16608,-0.738889,-0.112844,0.0132776,-0.0184203,-0.0033097,1,-3.11953e-05,8.38415e-05,5.86025e-05,-4.96914,22.1483,3.38201,1.23417e-05,-1.59051e-05,-1.55163e-06
-0.0191839,0.00260271,0.0127734,0.999604,0.000726801,-0.00211041,0.0280358,-0.643224,0.166068,-0.738884,-0.112846,-0.021853,0.00433095,0.0140958,1,-2.35277e-05,7.27582e-05,6.76485e-05,-5.00388,22.1709,3.39948,-2.25588e-05,6.5137e-06,1.61253e-05
-0.00259933,0.00130993,-0.000627293,0.999949,-0.00928102,-0.00116091,0.00383053,-0.643219,0.166071,-0.738885,-0.112863,-0.00101614,0.0010616,-0.001838,1,-3.92626e-05,7.46845e-05,7.69385e-05,-4.98315,22.1676,3.38406,-2.19402e-06,3.30213e-06,4.70152e-07
-0.0151522,0.00696528,-0.0148342,0.999962,0.00632746,-0.00468398,-0.00377538,-0.643221,0.166072,-0.738884,-0.112861,-0.016316,0.00745143,-0.0159039,1,-3.73539e-05,7.34258e-05,7.44212e-05,-4.99846,22.174,3.36991,-1.74366e-05,9.65421e-06,-1.36713e-05
0.00342281,-0.0125365,-0.00355456,0.999966,0.00103195,0.00271136,0.00766601,-0.643216,0.166082,-0.738886,-0.112862,0.00504764,-0.0141822,-0.00253808,1,-4.59991e-05,7.85891e-05,6.85353e-05,-4.97741,22.1524,3.38333,3.66767e-06,-1.18245e-05,-4.82023e-07
-0.0138365,-0.00488168,-0.00161273,0.999703,-0.00781468,0.0190526,0.0130376,-0.643216,0.166079,-0.738886,-0.112865,-0.0153921,-0.00411604,-0.00153658,1,-4.62103e-05,7.80739e-05,7.21568e-05,-4.99777,22.1625,3.38441,-1.67785e-05,-1.77383e-06,6.28128e-07
0.0124727,-0.0186023,-0.000641226,0.999854,-0.00469677,0.0162172,-0.00266242,-0.643211,0.166088,-0.738887,-0.112871,0.0147685,-0.0197961,-0.00056743,1,-5.65617e-05,8.20463e-05,7.02425e-05,-4.96787,22.1468,3.38555,1.30716e-05,-1.73347e-05,1.53985e-06
0.010605,-0.00632075,-0.0148181,0.99988,0.00999815,-0.0102365,0.00593536,-0.643224,0.166077,-0.738879,-0.112865,0.0102622,-0.00521042,-0.015993,1,-4.44647e-05,6.70538e-05,7.22e-05,-4.97205,22.1612,3.36997,8.92826e-06,-3.19881e-06,-1.3827e-05
0.021612,-0.00353105,-0.0129144,0.999941,0.0108454,0.000602052,0.000481306,-0.643229,0.166077,-0.738877,-0.112853,0.0225484,-0.00339267,-0.0126611,1,-3.45476e-05,6.43674e-05,6.34771e-05,-4.95975,22.1629,3.37293,2.1512e-05,-1.46165e-06,-1.07568e-05
0.00669565,-0.0081655,0.0112284,0.999967,0.00201776,0.00770401,0.0016782,-0.643231,0.166073,-0.738878,-0.112839,0.0053887,-0.00855935,0.0131988,1,-2.12309e-05,6.54403e-05,5.70721e-05,-4.9768,22.1578,3.39836,4.75177e-06,-6.59614e-06,1.49109e-05
0.0104765,-0.0203197,0.00427921,0.999861,-0.00518417,-0.00524055,0.0149375,-0.643235,0.166062,-0.738876,-0.112848,0.0108965,-0.0212905,0.00354384,1,-2.02371e-05,5.86334e-05,7.01605e-05,-4.97096,22.145,3.38897,1.02894e-05,-1.95315e-05,5.64865e-06
0.0197864,-0.0032731,-0.00746048,0.999966,-0.00806338,-0.00153165,-3.45621e-05,-0.643244,0.166057,-0.738869,-0.112849,0.0205207,-0.00178665,-0.00836858,1,-1.72979e-05,4.61945e-05,7.2088e-05,-4.9612,22.1643,3.3771,2.00017e-05,-4.00818e-07,-6.20594e-06
0.000167865,-0.0129429,-0.000313947,0.999788,-0.00326478,0.0142037,0.0145432,-0.643243,0.166051,-0.738873,-0.112841,-0.00151235,-0.0138636,0.000351263,1,-7.15726e-06,5.06762e-05,7.30367e-05,-4.98303,22.1523,3.38559,-1.72707e-06,-1.23433e-05,2.54236e-06
0.00211215,0.00730484,0.000290163,0.999834,0.00410784,-0.00635909,-0.0165579,-0.643251,0.166054,-0.738865,-0.112838,0.00241259,0.00905371,0.000284526,1,-6.40701e-06,4.04998e-05,6.6803e-05,-4.97919,22.175,3.38543,2.22038e-06,1.02687e-05,2.28862e-06
0.00981038,-0.0130467,0.00979634,0.999684,0.0175819,-0.0117598,0.0135695,-0.643251,0.166044,-0.738868,-0.112836,0.0104213,-0.0148723,0.0105824,1,1.72967e-06,4.09679e-05,7.21787e-05,-4.97091,22.1512,3.39565,1.04732e-05,-1.36432e-05,1.27477e-05
-0.00928411,0.00116746,0.00698934,0.999916,-6.07728e-05,0.0064141,-0.0112334,-0.643256,0.166039,-0.738865,-0.112833,-0.0109117,0.00249204,0.00669307,1,7.49182e-06,3.51705e-05,7.36882e-05,-4.99208,22.1684,3.39169,-1.06869e-05,3.54716e-06,8.90371e-06
0.0121364,0.000293463,-0.015313,0.999702,-0.017159,0.0173376,0.000258919,-0.643248,0.166045,-0.738869,-0.112844,0.0140404,0.000111986,-0.0171311,1,-5.19808e-06,4.32373e-05,7.74767e-05,-4.96731,22.1662,3.36818,1.38844e-05,1.40911e-06,-1.48068e-05
-0.00258348,-0.0242359,0.00352318,0.999925,0.00791978,-0.0018026,0.00918879,-0.643251,0.166043,-0.738869,-0.112832,-0.0039569,-0.0262481,0.00522952,1,5.65926e-06,4.2586e-05,7.14817e-05,-4.98523,22.1398,3.39019,-3.78712e-06,-2.49705e-05,7.37397e-06
-0.00529292,-0.00560311,0.00842888,0.999599,-0.0117057,0.0174815,0.0189503,-0.643254,0.166038,-0.738865,-0.112845,-0.00540358,-0.00389749,0.00869375,1,-1.06015e-06,3.4741e-05,8.16734e-05,-4.98656,22.162,3.39404,-5.43539e-06,-2.85526e-06,1.1144e-05
-0.0121794,-0.000196768,-0.0116262,0.999972,0.00515491,0.00513314,0.00195298,-0.643254,0.166035,-0.738866,-0.112849,-0.0127398,0.000109052,-0.0133057,1,-2.07153e-06,3.45445e-05,8.72233e-05,-4.99379,22.1661,3.37217,-1.28019e-05,1.14539e-06,-1.0689e-05
-0.0073285,0.0024045,0.00481465,0.999726,-0.0103601,0.00194992,0.0209119,-0.643251,0.166042,-0.738865,-0.112858,-0.00688169,0.00259433,0.00631262,1,-1.3143e-05,3.53448e-05,8.7869e-05,-4.98813,22.1685,3.39204,-7.27598e-06,3.65467e-06,8.9487e-06
-0.00763965,0.00112865,-0.00945994,0.999997,0.00207189,0.000886755,-0.000152682,-0.643249,0.166041,-0.738866,-0.112862,-0.00770264,0.00100759,-0.0107639,1,-1.61603e-05,3.71142e-05,9.12816e-05,-4.98894,22.167,3.37509,-8.18745e-06,2.12102e-06,-8.02545e-06
0.000898963,0.0034855,-0.00977779,0.999636,0.0227838,0.00790016,-0.0120865,-0.643248,0.166047,-0.738867,-0.112851,0.00161016,0.00369059,-0.00969664,1,-1.16433e-05,4.07072e-05,8.06065e-05,-4.97979,22.1697,3.37583,1.26086e-06,4.9118e-06,-7.27844e-06
-0.0152784,0.00159763,0.00194286,0.999946,-0.00750135,-0.00297015,0.00660339,-0.643248,0.16605,-0.738867,-0.11285,-0.0166752,0.00142472,0.00290527,1,-1.36374e-05,4.15955e-05,7.77373e-05,-4.99818,22.1674,3.38842,-1.70844e-05,2.67259e-06,5.23739e-06
0.00943151,-0.00623064,0.0103254,0.99996,0.000366862,-0.0016655,0.00874938,-0.643246,0.166052,-0.738867,-0.11286,0.0115896,-0.00686503,0.0109399,1,-2.27515e-05,4.17292e-05,8.2694e-05,-4.96998,22.1591,3.39675,1.09071e-05,-5.61315e-06,1.34207e-05
0.0024552,0.00313401,-0.0202348,0.999878,0.0115203,-0.00802969,0.00687178,-0.643251,0.166038,-0.738865,-0.112859,0.00169908,0.00396122,-0.0228133,1,-1.18656e-05,3.48043e-05,9.13867e-05,-4.97945,22.1699,3.36296,1.34311e-06,5.00535e-06,-2.00717e-05
-0.000218087,-0.00862943,-0.0190942,0.999717,-0.0229971,0.00495748,-0.00339888,-0.643249,0.166054,-0.738865,-0.112855,-0.000376576,-0.009671,-0.0187872,1,-1.9782e-05,3.8902e-05,7.73721e-05,-4.982,22.1563,3.36687,-9.70037e-07,-8.50394e-06,-1.64661e-05
-0.0129,0.00902885,0.00549296,0.999926,-0.00849165,-0.00732741,-0.00474338,-0.643256,0.166065,-0.738857,-0.112851,-0.0139362,0.0105759,0.00750146,1,-2.32568e-05,3.06924e-05,6.50807e-05,-4.99587,22.1763,3.39304,-1.46339e-05,1.14967e-05,9.45388e-06
0.00317513,-0.00365201,0.00314935,0.999875,0.0100257,-0.00959878,0.00761026,-0.643252,0.166062,-0.738859,-0.112858,0.00459054,-0.00482899,0.0027896,1,-2.71231e-05,3.28549e-05,7.21545e-05,-4.97727,22.1609,3.38854,3.77685e-06,-3.84334e-06,4.95423e-06
-0.00740183,-0.000938935,0.00312442,0.999955,0.00155547,-0.00517138,0.00774541,-0.643256,0.166056,-0.738857,-0.11286,-0.00839414,-0.000617138,0.00315233,1,-2.39643e-05,2.81675e-05,7.66608e-05,-4.99008,22.1651,3.38894,-9.11307e-06,2.27886e-07,5.45215e-06
-0.00931795,0.0167623,-0.0271219,0.999869,0.00929909,0.0125655,0.00430826,-0.643252,0.166055,-0.738861,-0.112862,-0.00939474,0.0182008,-0.0296273,1,-2.50335e-05,3.26559e-05,8.00422e-05,-4.99104,22.184,3.35623,-1.01457e-05,1.91805e-05,-2.7226e-05
-0.00267687,-0.00943003,0.0217035,0.999974,-0.00722536,0.000445043,-0.000513904,-0.643245,0.166073,-0.738864,-0.112855,-0.0021212,-0.0117163,0.0259511,1,-3.30237e-05,4.2923e-05,6.33607e-05,-4.98433,22.1542,3.41161,-3.11191e-06,-1.04286e-05,2.78519e-05
-0.00652204,-0.00317235,-0.00372171,0.999639,-0.0242788,0.0115308,-0.000137746,-0.643243,0.166069,-0.738863,-0.112873,-0.0068866,-0.00246546,-0.00617675,1,-4.35437e-05,4.08418e-05,7.76951e-05,-4.98897,22.1634,3.38,-8.19291e-06,-1.2402e-06,-3.8459e-06
-0.020724,-0.00479507,-0.0213689,0.999987,0.00313104,0.00102599,0.00380783,-0.643244,0.166072,-0.738862,-0.112873,-0.0218698,-0.00498799,-0.0226267,1,-4.61453e-05,3.98526e-05,7.57014e-05,-5.00404,22.1609,3.36358,-2.32542e-05,-3.79242e-06,-2.03556e-05
0.027215,0.00980912,0.00819308,0.999893,-0.00752011,-0.0125382,-0.000930978,-0.643248,0.166091,-0.738853,-0.112878,0.0312774,0.0110339,0.0107437,1,-6.11698e-05,3.22387e-05,6.27472e-05,-4.95145,22.1766,3.39707,2.94424e-05,1.2001e-05,1.26261e-05
-0.00443459,-0.0207303,0.00851198,0.999932,0.0086765,0.00773937,-0.000146968,-0.643244,0.166074,-0.738863,-0.112864,-0.00739004,-0.0233596,0.00832772,1,-4.04347e-05,4.13331e-05,6.86337e-05,-4.98962,22.1425,3.39426,-8.60309e-06,-2.21197e-05,1.03867e-05
0.0145053,0.00272328,0.0181896,0.999998,-0.0016734,3.48948e-05,0.000711669,-0.643253,0.166072,-0.738854,-0.112873,0.0163178,0.00488189,0.0190066,1,-4.5169e-05,2.83578e-05,7.35052e-05,-4.96585,22.1705,3.4052,1.49627e-05,5.73262e-06,2.12117e-05
0.0107391,-0.00299579,0.00939936,0.999784,-0.0188888,-0.00782879,-0.00374999,-0.643252,0.166064,-0.738856,-0.112878,0.0102776,-0.00364806,0.00860473,1,-4.33646e-05,2.80415e-05,8.25881e-05,-4.97165,22.162,3.39494,8.97668e-06,-2.80681e-06,1.10824e-05
-0.00643577,-0.0170635,0.0152077,0.999734,-0.0143262,0.0178864,0.00271209,-0.643248,0.16606,-0.73886,-0.112881,-0.00781903,-0.0181739,0.015755,1,-4.31577e-05,3.28927e-05,8.83793e-05,-4.98963,22.1476,3.40217,-9.11376e-06,-1.71871e-05,1.84064e-05
-0.0147951,-0.0121568,0.00184818,0.999768,0.0201562,-0.0037136,-0.00657503,-0.643256,0.166052,-0.738854,-0.112884,-0.0153731,-0.0116591,0.000697515,1,-3.97225e-05,2.13573e-05,9.45619e-05,-4.99694,22.154,3.38722,-1.65648e-05,-1.10184e-05,3.53437e-06
-0.0120293,-0.00138292,-0.0168362,0.999785,-0.0190851,0.00680988,-0.00433518,-0.643257,0.166063,-0.73885,-0.112895,-0.0117532,-0.000532427,-0.018288,1,-5.55944e-05,1.74973e-05,9.32432e-05,-4.99364,22.165,3.36858,-1.3421e-05,-7.5071e-09,-1.54907e-05
-0.0159039,-0.00513148,0.0126291,0.999699,0.00444393,0.0183747,0.0156194,-0.643251,0.16607,-0.738853,-0.112895,-0.0162482,-0.00551241,0.0151886,1,-6.03888e-05,2.42715e-05,8.90659e-05,-4.99835,22.1601,3.40204,-1.80599e-05,-4.78427e-06,1.78606e-05
-0.00663813,-0.00414533,0.00203828,0.999953,-0.00813897,-0.00427108,0.00299182,-0.643252,0.16607,-0.73885,-0.112911,-0.0058431,-0.00403234,0.000950047,1,-7.25233e-05,1.95566e-05,9.86183e-05,-4.98795,22.1615,3.38828,-8.0188e-06,-3.44564e-06,3.9086e-06
-0.00936024,-0.00485258,-0.014433,0.999757,-0.0093144,0.0193584,-0.00500676,-0.643247,0.166076,-0.738852,-0.112914,-0.00965178,-0.00492075,-0.0157067,1,-7.93269e-05,2.47637e-05,9.71797e-05,-4.99194,22.1606,3.37172,-1.20316e-05,-4.17784e-06,-1.27913e-05
-0.000380483,0.00664853,0.00425444,0.999737,0.00363735,0.00694019,-0.021554,-0.643248,0.166091,-0.738849,-0.112906,0.000386853,0.00760653,0.00590689,1,-8.32561e-05,2.46947e-05,8.01203e-05,-4.98235,22.1731,3.39309,-2.11083e-06,8.34737e-06,8.3105e-06
0.0131915,0.00435224,0.0140384,0.999935,0.00520265,-0.00657403,-0.00767259,-0.643247,0.16609,-0.73885,-0.112905,0.0142519,0.00408313,0.0147122,1,-8.10058e-05,2.6378e-05,8.04162e-05,-4.96844,22.1696,3.40185,1.18217e-05,4.87447e-06,1.71247e-05
0.0122226,0.00541406,-0.00535501,0.999773,-0.00693041,0.00236809,0.0200129,-0.643244,0.166075,-0.738855,-0.11291,0.012055,0.00552453,-0.00701617,1,-7.57281e-05,2.95457e-05,9.62611e-05,-4.9702,22.1712,3.38029,9.78315e-06,6.41091e-06,-4.12833e-06
0.0120963,0.00413505,-0.0209003,0.999695,-0.0137852,0.0203845,0.00203564,-0.643237,0.166078,-0.738862,-0.112905,0.0120999,0.00401977,-0.0220505,1,-7.43111e-05,4.04498e-05,9.31117e-05,-4.97023,22.1699,3.36511,9.87054e-06,5.23326e-06,-1.92572e-05
0.00080854,0.0128802,0.0120527,0.999858,0.00876832,0.0138689,0.00383243,-0.643234,0.16608,-0.738866,-0.11289,-0.000126197,0.0136144,0.0148764,1,-6.41864e-05,4.8006e-05,8.23057e-05,-4.98253,22.1796,3.40157,-2.05179e-06,1.50546e-05,1.73456e-05
-0.00713635,-0.00609619,0.00084502,0.99983,-0.00567553,-0.0069322,0.0160824,-0.643228,0.166071,-0.738872,-0.1129,-0.00771701,-0.00772805,-0.000316563,1,-6.64166e-05,5.28787e-05,9.67271e-05,-4.98986,22.1584,3.38668,-9.70951e-06,-6.14169e-06,2.58525e-06
0.00153772,-0.000789014,-0.00898554,0.999832,0.0157157,-0.00117162,-0.00937073,-0.643233,0.166073,-0.738868,-0.112897,0.00230396,-0.00021455,-0.00970353,1,-6.46271e-05,4.81159e-05,9.29062e-05,-4.97987,22.1658,3.3772,3.65148e-07,1.22893e-06,-6.91635e-06
0.00346589,0.00704952,0.000237238,0.999707,-0.0111002,0.0155456,0.0148954,-0.643228,0.166075,-0.738872,-0.112898,0.00356222,0.00765114,0.00106024,1,-6.75956e-05,5.39629e-05,9.32159e-05,-4.97868,22.1738,3.38801,1.53435e-06,9.27003e-06,3.85672e-06
-0.011391,0.00669815,0.00850675,0.999839,0.0114932,0.00866081,0.0106995,-0.643223,0.166068,-0.738878,-0.112895,-0.0126294,0.00661964,0.00912376,1,-6.11665e-05,6.15249e-05,9.78879e-05,-4.99467,22.173,3.39598,-1.44644e-05,8.46539e-06,1.20604e-05
-0.0105215,0.0115436,-0.0127974,0.999941,0.00971484,-0.00125364,0.00479569,-0.643219,0.166066,-0.738881,-0.112902,-0.0103475,0.0119518,-0.0146126,1,-6.44169e-05,6.46952e-05,0.000104763,-4.99231,22.1784,3.37243,-1.228e-05,1.38926e-05,-1.14697e-05
0.00187045,-0.00955482,0.00869053,0.999887,0.0102835,0.000975319,0.0109469,-0.643214,0.16607,-0.738884,-0.112899,0.00288203,-0.0113357,0.0106203,1,-6.61789e-05,7.16845e-05,0.000100821,-4.97923,22.1552,3.3976,8.96665e-07,-9.18515e-06,1.3645e-05
-0.0222411,-0.00765129,0.00233071,0.99994,-0.00252136,-0.00662087,0.00839409,-0.64322,0.166062,-0.73888,-0.112906,-0.0243221,-0.00734644,0.00164459,1,-6.55248e-05,6.28126e-05,0.000109911,-5.00619,22.1591,3.38882,-2.62878e-05,-5.46207e-06,4.94191e-06
0.00319467,-0.000862745,0.0081873,0.99993,0.00339494,0.00199202,0.0111277,-0.64322,0.166066,-0.738878,-0.112919,0.00547288,-0.000325888,0.00872952,1,-7.77007e-05,5.94767e-05,0.000115064,-4.9765,22.166,3.3963,3.14186e-06,1.45841e-06,1.21814e-05
-0.000850805,0.00729976,0.0126654,0.999984,-0.00224834,0.00240355,-0.00463261,-0.643219,0.166062,-0.738879,-0.112919,-0.00137448,0.00793147,0.012992,1,-7.54972e-05,6.01974e-05,0.000118084,-4.98324,22.1743,3.40056,-3.6394e-06,9.73739e-06,1.65345e-05
0.000704351,-0.00722531,-0.00362299,0.999918,0.00686337,-0.00598821,-0.00905748,-0.643218,0.166059,-0.738881,-0.11292,0.000876425,-0.0084804,-0.00499852,1,-7.35896e-05,6.22737e-05,0.000121768,-4.98088,22.158,3.38259,-1.33126e-06,-6.61219e-06,-1.34548e-06
-0.00264187,-0.00176994,-0.0119964,0.999971,0.00231267,0.00529599,-0.00498528,-0.64322,0.166061,-0.738879,-0.112916,-0.00293338,-0.00121437,-0.0125761,1,-7.21848e-05,5.95789e-05,0.000117026,-4.98476,22.1651,3.3749,-5.09892e-06,5.72995e-07,-9.06529e-06
0.0138684,-0.00685211,-0.00532881,0.999765,-0.0179164,-0.0103236,-0.00656106,-0.643223,0.166073,-0.738873,-0.112917,0.0152599,-0.00731917,-0.0047289,1,-8.06821e-05,5.49087e-05,0.000107471,-4.96693,22.1589,3.38278,1.28395e-05,-5.67191e-06,-1.50476e-06
0.0112688,-0.0136714,-0.00602027,0.999864,-0.00953328,0.0127456,-0.00430482,-0.643224,0.166073,-0.738873,-0.11291,0.0109388,-0.0141979,-0.00612727,1,-7.58463e-05,5.57279e-05,0.000103147,-4.97125,22.152,3.38119,8.66344e-06,-1.25261e-05,-3.03287e-06
0.00898128,0.00389553,0.00104678,0.999836,0.00958596,-0.0149195,0.00368538,-0.643236,0.166067,-0.738865,-0.112904,0.00881955,0.00539374,0.00164095,1,-6.60533e-05,4.20787e-05,0.000101123,-4.97318,22.1714,3.38877,6.83795e-06,6.6561e-06,4.67463e-06
-0.0114517,-0.0185837,0.00504366,0.999777,-0.0121929,0.00208712,0.0171053,-0.643232,0.166061,-0.738869,-0.112908,-0.0131306,-0.0205696,0.00532561,1,-6.5823e-05,4.58603e-05,0.000108579,-4.99498,22.1455,3.39257,-1.51053e-05,-1.91938e-05,8.58299e-06
0.00544534,0.00202422,0.00987797,0.999752,-0.00834221,-0.0132221,-0.0158784,-0.643243,0.166069,-0.738857,-0.112917,0.00698347,0.003895,0.0102553,1,-7.63021e-05,2.93307e-05,0.000105382,-4.97508,22.1696,3.39775,4.69441e-06,4.77492e-06,1.34168e-05
-0.0160744,0.00803625,-0.00213102,0.999964,-0.0074295,0.0036065,0.00209449,-0.64324,0.166064,-0.73886,-0.112919,-0.0179842,0.00837946,-0.00315655,1,-7.52542e-05,3.28698e-05,0.000111843,-4.9999,22.1742,3.38443,-2.02419e-05,9.36556e-06,1.9875e-07
-0.00177776,0.00142295,-0.0192922,0.999922,-0.0105576,0.00113805,0.00653729,-0.643234,0.166073,-0.738862,-0.112929,-0.000436122,0.000847064,-0.0206288,1,-8.92758e-05,3.795e-05,0.000112564,-4.98262,22.1667,3.36725,-3.1144e-06,1.98556e-06,-1.72519e-05
-0.0180391,0.0062433,0.0105416,0.999884,0.0135794,0.00522167,0.00458484,-0.643234,0.166077,-0.738863,-0.112919,-0.0194975,0.00669036,0.013123,1,-8.42568e-05,4.04166e-05,0.000102829,-5.00181,22.1726,3.40069,-2.20252e-05,7.90286e-06,1.62079e-05
-0.00328997,-0.000529347,-0.0133382,0.999933,0.00450427,0.0101497,0.00326711,-0.643226,0.166077,-0.738868,-0.11293,-0.00194822,-0.00112704,-0.0155296,1,-9.33186e-05,4.80236e-05,0.000111335,-4.98427,22.1649,3.37237,-4.74778e-06,3.13667e-07,-1.21895e-05
-0.0259672,0.00331308,-0.00184963,0.999902,-0.00713781,0.0107885,-0.00532685,-0.643224,0.166088,-0.738868,-0.112925,-0.0279572,0.00368085,-0.000716859,1,-9.71118e-05,5.15325e-05,0.000100618,-5.0106,22.1697,3.38704,-3.08705e-05,5.22682e-06,2.30167e-06
-0.000817867,0.0257128,-0.00121354,0.99992,-0.00429237,0.0066416,0.0098268,-0.643217,0.166097,-0.73887,-0.112939,0.00142912,0.0275381,-0.00125461,1,-0.000114252,5.61143e-05,0.000103962,-4.98149,22.1936,3.38692,-1.99845e-06,2.92216e-05,1.86426e-06
-0.00848993,0.00341886,-0.00208755,0.999981,0.00297842,-0.00328532,0.00417576,-0.643207,0.166097,-0.738879,-0.112936,-0.00931183,0.00142199,-0.00215649,1,-0.000112267,7.0121e-05,0.000104835,-4.99222,22.1678,3.38593,-1.26798e-05,3.52562e-06,9.88549e-07
0.0169103,0.00949704,0.000290438,0.999983,-0.0056826,-0.00066686,0.000951149,-0.643206,0.166102,-0.738878,-0.112941,0.0190821,0.0101662,0.00049317,1,-0.000119582,7.06276e-05,0.000103962,-4.96399,22.1765,3.38872,1.54947e-05,1.2285e-05,3.61204e-06
0.00517683,0.00365039,0.0182207,0.999952,0.000917326,0.00031199,0.00972409,-0.643203,0.166093,-0.738884,-0.112934,0.00402558,0.00311117,0.0196893,1,-0.000108585,7.6365e-05,0.00010794,-4.97876,22.1696,3.40772,7.68019e-07,5.40212e-06,2.29276e-05
0.015643,0.00116398,0.00583575,0.99966,-0.00765605,0.0248588,0.0020182,-0.643193,0.166086,-0.738893,-0.11294,0.0166054,0.00100308,0.00468904,1,-0.000109255,8.76295e-05,0.000119611,-4.96597,22.1678,3.3929,1.33277e-05,3.63197e-06,8.27735e-06
-0.0234453,-0.001108,0.000556008,0.999535,-0.0195792,-0.0114799,0.0203832,-0.643195,0.166077,-0.738892,-0.112946,-0.0267625,-0.00128267,0.000213829,1,-0.000107528,8.37331e-05,0.000130014,-5.00907,22.1655,3.38861,-2.99883e-05,1.22932e-06,4.11426e-06
0.00144463,0.0103309,-0.00212726,0.999878,-0.0141685,0.00393228,-0.00526957,-0.643191,0.166091,-0.73889,-0.11296,0.00378005,0.011293,-0.00232105,1,-0.000127802,8.45037e-05,0.000128054,-4.97896,22.178,3.38648,-5.40188e-08,1.38281e-05,1.52056e-06
-0.00820091,0.00135531,-0.00874812,0.999913,0.00818797,0.00889761,0.005203,-0.643185,0.166089,-0.738897,-0.112955,-0.00919348,0.000532552,-0.00928054,1,-0.000122502,9.41669e-05,0.000128719,-4.99185,22.1674,3.37937,-1.28685e-05,3.35756e-06,-5.41898e-06
0.0130176,0.013161,-0.00687911,0.999951,0.00188427,0.00577013,-0.00775912,-0.643183,0.166098,-0.738897,-0.112953,0.0148571,0.0142073,-0.00668044,1,-0.000126835,9.66483e-05,0.000120529,-4.96807,22.1811,3.38189,1.10521e-05,1.71068e-05,-3.06458e-06
-0.0119434,0.00939495,-0.019219,0.999948,-0.00441178,-0.00224117,-0.00888234,-0.64318,0.1661,-0.738901,-0.112942,-0.0141631,0.008997,-0.0202578,1,-0.000120232,0.000103638,0.000113355,-4.99715,22.176,3.368,-1.77701e-05,1.21061e-05,-1.68571e-05
-0.00649969,0.0137277,-0.0135445,0.999992,0.00102981,0.00214411,0.00312314,-0.643176,0.166112,-0.738902,-0.11294,-0.00586555,0.0141201,-0.012989,1,-0.000127653,0.000109422,0.000103263,-4.98924,22.1812,3.37521,-9.69515e-06,1.74027e-05,-9.8911e-06
-0.000357607,-0.00853429,0.00358663,0.999977,0.00591245,0.00313816,-0.00105668,-0.64317,0.16612,-0.738907,-0.112934,9.8242e-05,-0.0104104,0.0049594,1,-0.000128584,0.00011843,9.56045e-05,-4.98349,22.1568,3.39298,-3.75928e-06,-6.85746e-06,7.82754e-06
0.00328207,-0.00490463,-0.00591083,0.999908,-0.00277937,0.00877139,0.00992636,-0.643171,0.166115,-0.738906,-0.112939,0.00354546,-0.00444896,-0.00681094,1,-0.000129551,0.000115978,0.000102142,-4.97991,22.1627,3.38137,-3.41057e-07,-9.69606e-07,-3.7467e-06
9.20547e-05,-0.0123564,0.0195762,0.999988,0.00347137,-0.00139873,0.00300861,-0.643174,0.166115,-0.738904,-0.112936,-0.000194051,-0.0130116,0.0217621,1,-0.000126196,0.000112925,9.94779e-05,-4.98363,22.1541,3.40984,-3.97992e-06,-9.62385e-06,2.47465e-05
0.0175424,0.00114224,-0.0110855,0.999935,-0.00854557,0.00194315,0.00725661,-0.643176,0.166105,-0.738902,-0.112949,0.0190116,0.0023145,-0.0138058,1,-0.000129546,0.000106402,0.000114317,-4.96414,22.1694,3.37466,1.51252e-05,5.50655e-06,-1.03763e-05
0.00882735,-0.00204491,0.010256,0.999943,0.0021416,0.00905629,0.00514059,-0.643175,0.166102,-0.738905,-0.112936,0.00798427,-0.00240586,0.0122489,1,-0.000118113,0.000111131,0.000108586,-4.97509,22.1648,3.40033,4.44087e-06,9.28082e-07,1.55065e-05
0.00712276,-0.0328423,0.0148724,0.999893,-0.00287428,-0.0109996,-0.00915701,-0.64318,0.166097,-0.738903,-0.112936,0.00705155,-0.0353638,0.0150904,1,-0.000114741,0.000105518,0.000111823,-4.97587,22.1317,3.40319,3.60932e-06,-3.21982e-05,1.84451e-05
0.0023031,-0.0208291,0.0265294,0.999875,-0.00674503,-0.00915304,0.0109504,-0.643196,0.166085,-0.73889,-0.112947,0.0019099,-0.0196263,0.0274777,1,-0.00011338,8.23146e-05,0.000124373,-4.98063,22.1471,3.4159,-1.49149e-06,-1.71569e-05,3.12089e-05
0.00338741,-0.000451944,-0.00347148,0.999962,-0.00232833,0.00503166,0.00670734,-0.6432,0.16607,-0.738887,-0.11296,0.00350974,0.00113587,-0.00603411,1,-0.000113174,7.3318e-05,0.000142165,-4.9786,22.1677,3.38277,1.14516e-07,3.33541e-06,-1.76915e-06
-0.00284927,0.00781425,0.000128369,0.999956,-0.00875983,0.00343941,-0.000214682,-0.643199,0.166074,-0.738887,-0.112959,-0.00337602,0.00836765,0.000638825,1,-0.000114553,7.52445e-05,0.000138677,-4.98559,22.175,3.3894,-6.8126e-06,1.0625e-05,4.79914e-06
0.00618736,-0.0080674,0.0217282,0.999615,-0.0179261,-0.0159748,-0.0139218,-0.643199,0.166083,-0.738885,-0.112962,0.00697924,-0.0094286,0.0234755,1,-0.000123282,7.37147e-05,0.000133621,-4.97551,22.1571,3.41234,3.28078e-06,-7.21716e-06,2.74841e-05
0.0143255,-0.00357575,0.0103834,0.999931,-0.00971676,0.00580027,0.00318246,-0.6432,0.166072,-0.738885,-0.112972,0.0149342,-0.0030912,0.00929984,1,-0.0001231,7.06805e-05,0.00014783,-4.96723,22.1635,3.39845,1.12412e-05,-9.70783e-07,1.37348e-05
-0.00319441,-0.00992088,-0.00981871,0.999796,0.00175167,0.0133057,-0.0150744,-0.643199,0.166067,-0.738888,-0.112964,-0.00469578,-0.0104866,-0.0114021,1,-0.000114085,7.40557e-05,0.000147137,-4.98671,22.1562,3.37752,-8.11834e-06,-8.26496e-06,-6.98802e-06
-0.00792483,0.00747564,-0.0106994,0.999965,0.00100797,0.000391084,0.00829881,-0.643203,0.16607,-0.738884,-0.112964,-0.00819255,0.00896406,-0.0106429,1,-0.000116261,6.83554e-05,0.000143942,-4.9903,22.1755,3.37829,-1.16804e-05,1.10147e-05,-6.32468e-06
-0.0106387,0.00757365,-0.0153085,0.999536,0.000619997,-0.0234403,-0.0194428,-0.643207,0.166083,-0.738878,-0.11296,-0.0108426,0.00745763,-0.0156962,1,-0.000120527,6.42873e-05,0.000130493,-4.99332,22.1738,3.37309,-1.44584e-05,9.38625e-06,-1.17815e-05
-0.00844071,0.017288,-0.00334997,0.999714,0.000314804,0.0239237,0.000483378,-0.643197,0.166094,-0.738885,-0.112956,-0.00824221,0.0181031,-0.00232741,1,-0.000126379,7.76133e-05,0.000121913,-4.99107,22.1846,3.38636,-1.20336e-05,2.04315e-05,1.32996e-06
-0.00437302,-0.0140611,-0.0016946,0.999809,0.005667,0.000634932,-0.0186816,-0.64319,0.166103,-0.73889,-0.112951,-0.00405292,-0.0167249,-0.0016422,1,-0.000128726,8.78823e-05,0.000113384,-4.98715,22.15,3.38688,-7.91468e-06,-1.40884e-05,1.75933e-06
-0.0166512,0.000148976,7.76052e-05,0.999713,-0.0157668,-0.0149006,-0.0101759,-0.643201,0.16611,-0.738878,-0.112956,-0.0176951,0.00154631,0.000220173,1,-0.000136996,7.28264e-05,0.000108511,-5.00101,22.1679,3.38891,-2.1805e-05,3.7311e-06,3.4755e-06
-0.00622932,-0.00951088,-0.00846827,0.999611,-0.00715626,0.00130012,-0.026907,-0.643199,0.166126,-0.738876,-0.112959,-0.00528036,-0.0104268,-0.0091881,1,-0.000149524,7.41586e-05,9.82355e-05,-4.98906,22.1559,3.37957,-9.76609e-06,-8.20202e-06,-6.24103e-06
-0.0170007,0.00535483,-0.0101743,0.99994,0.000862904,-0.00801708,-0.00735206,-0.643206,0.166133,-0.738869,-0.112957,-0.0179721,0.00666196,-0.0102562,1,-0.000152067,6.52555e-05,9.02645e-05,-5.00195,22.1727,3.37845,-2.25341e-05,8.61962e-06,-7.5483e-06
-0.0024928,0.0139534,-0.00177956,0.999776,-0.0124494,-0.00221975,-0.0169731,-0.643203,0.166152,-0.738867,-0.112959,-0.0012114,0.0145579,-0.00107773,1,-0.00016678,6.80774e-05,7.80016e-05,-4.98576,22.1806,3.3877,-6.21481e-06,1.66002e-05,1.26232e-06
-0.000893843,-0.00749589,0.0103876,0.999891,-0.010826,-0.00680417,0.00734333,-0.643198,0.166154,-0.73887,-0.112963,-0.000867701,-0.0093222,0.0113375,1,-0.000171555,7.3517e-05,8.02007e-05,-4.98548,22.1568,3.40024,-6.01434e-06,-7.11669e-06,1.37435e-05
0.00157459,-0.0159469,-0.00227658,0.999812,-0.0186001,-0.00362107,-0.00408695,-0.643201,0.166154,-0.738866,-0.112973,0.00177655,-0.016496,-0.00340389,1,-0.00017913,6.69171e-05,8.48923e-05,-4.98285,22.1495,3.38579,-3.59734e-06,-1.44885e-05,-8.57121e-07
-0.0280052,-0.0143847,-0.00243976,0.999814,0.00349034,-0.00968359,-0.0162891,-0.643211,0.166157,-0.738857,-0.112968,-0.0304726,-0.0142103,-0.00235982,1,-0.000176732,5.40039e-05,7.66988e-05,-5.01519,22.1515,3.38669,-3.57746e-05,-1.25902e-05,-5.88559e-08
-0.00383384,-0.000109891,-0.00470001,0.999968,0.00765495,-0.00147719,-0.00198387,-0.643216,0.166167,-0.738849,-0.112979,-0.00162838,0.00105776,-0.00489388,1,-0.000190641,4.55244e-05,7.4593e-05,-4.98663,22.1665,3.38446,-7.34763e-06,2.42349e-06,-2.65609e-06
0.00795372,0.00572764,0.0032648,0.999927,-0.00807442,0.00064197,-0.00894635,-0.643215,0.166174,-0.738848,-0.112977,0.00874755,0.00611548,0.00394106,1,-0.00019458,4.6342e-05,6.84035e-05,-4.97647,22.1716,3.39326,2.91016e-06,7.50574e-06,5.99317e-06
0.0094197,-0.0150856,-0.0159567,0.999887,-0.0123861,0.00607948,-0.00588974,-0.643211,0.166175,-0.738852,-0.112976,0.00947618,-0.0168413,-0.0176054,1,-0.000194414,5.20596e-05,6.83003e-05,-4.97576,22.1487,3.37168,3.64378e-06,-1.52795e-05,-1.55564e-05
0.0066078,-0.00208158,0.01669,0.999842,-0.0121769,0.00738956,-0.0106131,-0.643217,0.166184,-0.738846,-0.112968,0.0063703,-0.000859221,0.0195312,1,-0.000193763,4.55326e-05,5.44113e-05,-4.97914,22.1645,3.40857,5.5742e-07,5.06756e-07,2.11635e-05
0.00926207,0.0102775,-0.0110385,0.999923,-0.0113774,0.00453947,0.00179001,-0.643215,0.166176,-0.738848,-0.112976,0.00950161,0.0112002,-0.01357,1,-0.00019453,4.67825e-05,6.59261e-05,-4.97578,22.1766,3.3757,3.66571e-06,1.26036e-05,-1.15922e-05
-0.0257645,0.0117213,0.00694334,0.999858,0.0163033,0.00141021,0.00395263,-0.643213,0.166174,-0.738853,-0.112962,-0.0286861,0.011765,0.00864226,1,-0.000182903,5.35283e-05,5.98877e-05,-5.0139,22.1774,3.3975,-3.41732e-05,1.33708e-05,1.04389e-05
-0.00422408,-0.00530854,0.0162913,0.999828,-0.0173331,-0.000211692,0.00659955,-0.643203,0.166183,-0.738855,-0.112982,-0.00219904,-0.00672248,0.0169255,1,-0.000205435,5.99601e-05,6.72042e-05,-4.9877,22.1589,3.4064,-8.36208e-06,-4.92367e-06,1.89416e-05
0.0053948,0.0297668,-0.00940396,0.99987,-0.0110693,0.00773695,0.00879714,-0.643202,0.166177,-0.738857,-0.112995,0.00602364,0.0327895,-0.0115845,1,-0.000210838,5.918e-05,7.99622e-05,-4.9793,22.1985,3.37826,-3.01484e-07,3.45649e-05,-9.18564e-06
0.00936575,-0.0167639,-0.0176224,0.999615,-0.0173431,-0.00628049,-0.0207228,-0.643191,0.166192,-0.738864,-0.112985,0.00964253,-0.0208678,-0.0181231,1,-0.000214084,7.49511e-05,6.55269e-05,-4.97612,22.1451,3.37143,3.22001e-06,-1.86193e-05,-1.61573e-05
0.0135229,-0.00403695,-0.00971355,0.999934,0.00599098,-0.00792798,-0.00580462,-0.643205,0.166194,-0.738853,-0.112974,0.0138445,-0.00264329,-0.0090175,1,-0.000206341,6.02844e-05,5.32012e-05,-4.97199,22.163,3.3802,7.65425e-06,-8.34762e-07,-7.42146e-06
0.0104574,0.00797856,-0.0234418,0.999901,-0.00898866,-0.00925954,-0.00559489,-0.64321,0.166196,-0.738849,-0.112967,0.010177,0.00885842,-0.0246372,1,-0.000202032,5.52301e-05,4.602e-05,-4.97571,22.1743,3.36437,4.11605e-06,1.05153e-05,-2.32566e-05
-0.000834968,0.00258796,-0.0107843,0.99975,-0.0129643,-0.00845914,-0.0161206,-0.643211,0.166211,-0.738847,-0.112953,-0.00174702,0.00206895,-0.00963752,1,-0.000201291,5.68751e-05,2.61175e-05,-4.98807,22.1675,3.37896,-7.78576e-06,3.77521e-06,-8.854e-06
-0.00709082,-0.00610783,0.00013689,0.999977,-0.0055049,0.00030985,0.00402829,-0.64321,0.166216,-0.738847,-0.112953,-0.00753388,-0.00678458,0.000946836,1,-0.000204302,5.81227e-05,2.23058e-05,-4.99401,22.1586,3.38953,-1.36629e-05,-5.0409e-06,1.61601e-06
-0.0122241,-0.0110151,-0.013555,0.999772,-0.00552717,-0.0140662,0.0150712,-0.643215,0.166214,-0.738842,-0.112963,-0.0126133,-0.0113657,-0.0147564,1,-0.000210535,4.8919e-05,2.86221e-05,-4.99903,22.1539,3.37414,-1.89294e-05,-9.89811e-06,-1.38977e-05
-0.00265852,-0.00183298,0.00101967,0.999651,-0.0250982,0.00504651,-0.00648727,-0.643217,0.166232,-0.738835,-0.112969,-0.00183472,-0.00104362,0.00232612,1,-0.000227118,4.45323e-05,1.79177e-05,-4.9888,22.164,3.3914,-8.64825e-06,2.92346e-07,2.86365e-06
0.0219135,-0.00470999,-0.00466768,0.999935,0.00508505,-0.00771455,0.00669259,-0.643219,0.166228,-0.738834,-0.112972,0.0238806,-0.00501369,-0.00524697,1,-0.000226092,4.09663e-05,2.1778e-05,-4.96297,22.16,3.3839,1.70978e-05,-3.7847e-06,-4.59363e-06
-0.00563519,0.011943,0.0119302,0.999773,0.00691634,0.0130578,-0.0153781,-0.643221,0.166225,-0.738835,-0.112954,-0.00807967,0.0133477,0.013353,1,-0.000210081,4.31917e-05,1.29371e-05,-4.99482,22.1784,3.40196,-1.43821e-05,1.46434e-05,1.37411e-05
-0.00388935,0.00526598,0.0147737,0.999927,-0.000179065,0.00481234,-0.0111039,-0.643213,0.166226,-0.738841,-0.112957,-0.00354279,0.00459704,0.0148921,1,-0.000214556,5.24381e-05,1.60756e-05,-4.99033,22.1698,3.40362,-9.97947e-06,6.17018e-06,1.53743e-05
-0.0160938,0.0107932,0.00633286,0.999905,-0.003863,-0.0127579,-0.0034106,-0.643214,0.166223,-0.73884,-0.112965,-0.017134,0.0113068,0.00562442,1,-0.000217928,5.00591e-05,2.30275e-05,-5.00382,22.1765,3.39457,-2.36718e-05,1.28085e-05,6.31524e-06
-0.018804,0.00328462,-0.0125869,0.999894,0.00417484,-0.00559424,0.0127363,-0.643208,0.166223,-0.738844,-0.112975,-0.0189434,0.00262059,-0.0140955,1,-0.000225753,5.41654e-05,3.10445e-05,-5.00562,22.1679,3.37516,-2.57159e-05,4.24555e-06,-1.31641e-05
0.00426506,0.00927964,-0.0104713,0.999828,-0.0129948,-0.0131627,0.00149867,-0.643209,0.166237,-0.738838,-0.112982,0.00618663,0.00983141,-0.0101715,1,-0.000241187,5.05361e-05,2.37812e-05,-4.98094,22.175,3.3793,-1.04897e-06,1.13475e-05,-9.45811e-06
0.00135618,-0.00861683,-0.0159474,0.999973,-0.000874326,0.0072535,-0.00120106,-0.643205,0.166241,-0.738843,-0.112975,0.000955976,-0.0101447,-0.0164263,1,-0.000237994,5.8769e-05,1.76626e-05,-4.98627,22.1551,3.37282,-6.18385e-06,-8.38168e-06,-1.58965e-05
-0.0129498,0.00243544,-0.00181538,0.999853,-0.0169395,0.000802458,-0.0023751,-0.643208,0.166251,-0.738837,-0.112974,-0.0141022,0.00347732,-0.000605596,1,-0.00024389,5.34234e-05,7.61797e-06,-5.00165,22.1686,3.3886,-2.14189e-05,5.08002e-06,-3.77057e-07
0.00835135,0.00255546,0.00877169,0.999843,0.0175619,0.00168758,-0.00158281,-0.643207,0.166253,-0.738839,-0.112973,0.0102105,0.00247927,0.00954856,1,-0.000244869,5.59836e-05,6.66973e-06,-4.97738,22.1676,3.39874,2.86448e-06,4.15878e-06,9.74866e-06
0.00269837,0.00170344,-0.00949038,0.999758,-0.00658619,-0.0182951,-0.0102541,-0.643211,0.166249,-0.738835,-0.112973,0.00207613,0.00163922,-0.0110673,1,-0.000241639,5.02965e-05,8.02439e-06,-4.98541,22.1667,3.37811,-5.17305e-06,3.14811e-06,-1.08266e-05
0.00100717,-0.00236747,0.00649882,0.999362,0.0116132,0.00177164,-0.0337183,-0.643213,0.16626,-0.738834,-0.112956,0.000918424,-0.00269929,0.00795393,1,-0.000235924,5.18707e-05,-1.11011e-05,-4.98688,22.1623,3.39663,-6.15928e-06,-1.14317e-06,7.6209e-06
-0.000392374,0.00241506,-0.00186222,0.999951,-0.0071627,-0.00631569,0.0026745,-0.643215,0.166257,-0.738832,-0.112962,-0.000501315,0.00283867,-0.00267521,1,-0.00023808,4.792e-05,-5.65059e-06,-4.98821,22.1678,3.38617,-7.6437e-06,4.27627e-06,-2.84473e-06
-0.00704809,-0.00625845,0.00757345,0.99983,0.00318752,0.0180064,0.00240769,-0.643209,0.166258,-0.738838,-0.112959,-0.00759081,-0.00701203,0.00842237,1,-0.00023704,5.64082e-05,-6.20699e-06,-4.99532,22.1581,3.39719,-1.4702e-05,-5.31978e-06,8.23616e-06
-0.00336235,0.0097418,0.00642262,0.999912,0.00390003,-0.00718124,-0.0104369,-0.643213,0.166258,-0.738833,-0.112963,-0.00301262,0.0111295,0.00625722,1,-0.000239663,4.97273e-05,-5.54515e-06,-4.99075,22.1761,3.39513,-1.02025e-05,1.26214e-05,6.09087e-06
0.0107774,0.028732,0.00284367,0.999746,0.0150812,0.0087605,-0.0142701,-0.643207,0.166258,-0.738839,-0.112957,0.0119194,0.0301907,0.00256123,1,-0.00023544,5.92597e-05,-7.55874e-06,-4.97582,22.1954,3.39126,4.85617e-06,3.19685e-05,2.33446e-06
0.00731308,0.00521983,-0.00102677,0.999826,0.0110078,-0.0149517,-0.00188747,-0.643201,0.166252,-0.738848,-0.112947,0.00693175,0.00315235,-0.00132391,1,-0.000224494,7.02488e-05,-6.8555e-06,-4.98062,22.1686,3.38709,1.96933e-07,5.25981e-06,-1.52958e-06
0.0139087,0.00549798,0.00817609,0.999787,-0.00379125,-0.017592,-0.0100909,-0.643206,0.166253,-0.738844,-0.112943,0.0144867,0.00569263,0.00896312,1,-0.000222017,6.52022e-05,-1.14709e-05,-4.9731,22.171,3.39726,7.82624e-06,7.64869e-06,8.61899e-06
-0.00394241,-0.00156278,0.00487551,0.99987,0.00354933,0.0126167,-0.00938726,-0.643201,0.166247,-0.73885,-0.112936,-0.00546885,-0.00216346,0.00453717,1,-0.00021252,7.31931e-05,-1.01003e-05,-4.99287,22.1633,3.39261,-1.18445e-05,3.23365e-08,4.23417e-06
0.00186559,0.00770047,-0.00160565,0.99993,0.0104389,-0.00513085,-0.00194055,-0.643204,0.166244,-0.738849,-0.112937,0.00247266,0.00851767,-0.00211437,1,-0.000211458,6.99884e-05,-8.32414e-06,-4.98486,22.174,3.38598,-3.87109e-06,1.06173e-05,-2.3641e-06
0.00589208,0.0065712,-0.00876888,0.999736,-0.00729371,-0.0120604,0.0181751,-0.643202,0.166241,-0.73885,-0.112941,0.00617517,0.00641032,-0.00932018,1,-0.000212811,7.00505e-05,-2.49913e-06,-4.98105,22.1719,3.37892,-2.09149e-07,8.51183e-06,-9.39515e-06
0.00702662,-0.0101244,0.0030198,0.99989,0.00997034,-0.00681781,-0.00865957,-0.643204,0.166243,-0.73885,-0.11293,0.00709712,-0.0114938,0.00404179,1,-0.000205462,7.09605e-05,-1.10056e-05,-4.98018,22.154,3.39195,9.33255e-07,-9.365e-06,3.71162e-06
0.000444652,0.000420793,0.0112237,0.999954,-0.00905688,-0.0014644,-0.00274806,-0.643209,0.16624,-0.738845,-0.112932,-0.000106491,0.00140747,0.0118188,1,-0.000204927,6.3986e-05,-9.81552e-06,-4.98732,22.1668,3.39977,-6.25431e-06,3.32705e-06,1.15244e-05
-0.00540087,0.00661029,-0.0102882,0.999746,-0.00735952,-0.0174418,-0.012199,-0.643213,0.16624,-0.738842,-0.112936,-0.0058397,0.00704155,-0.0121191,1,-0.00020774,5.80291e-05,-7.94323e-06,-4.99305,22.1723,3.37596,-1.20719e-05,8.78243e-06,-1.23574e-05
0.00457956,-0.0210976,-0.00337043,0.999504,0.0174395,-0.00744102,0.0251497,-0.643212,0.166236,-0.738843,-0.112935,0.00544235,-0.0234284,-0.00264601,1,-0.000204191,5.90552e-05,-4.99082e-06,-4.98163,22.1419,3.38541,-6.83395e-07,-2.16568e-05,-2.79573e-06
0.000884161,0.0186122,0.00635404,0.999885,0.0102528,-0.0062192,-0.00928836,-0.643226,0.166233,-0.738833,-0.112929,0.000506431,0.0220942,0.00709959,1,-0.000197145,4.3629e-05,-1.00354e-05,-4.98649,22.1871,3.39498,-5.40791e-06,2.34031e-05,6.79853e-06
0.00729051,-0.00415412,0.0108404,0.999979,0.00636584,0.00115527,0.000935682,-0.643216,0.16623,-0.738842,-0.112928,0.00785235,-0.00632771,0.0111506,1,-0.000194338,5.63262e-05,-5.72633e-06,-4.97904,22.1589,3.39899,2.02221e-06,-4.63792e-06,1.09788e-05
-0.0117943,-0.0140608,-0.0100277,0.999818,-0.0181578,0.000301263,-0.00580488,-0.643218,0.166228,-0.738841,-0.112933,-0.0134217,-0.0147016,-0.0117818,1,-0.000196891,5.29052e-05,-1.76646e-06,-5.00027,22.1505,3.3762,-1.93285e-05,-1.31145e-05,-1.18348e-05
0.0093388,0.00547461,-0.00107243,0.999862,-0.00689266,-0.0124721,0.00853488,-0.643226,0.166236,-0.73883,-0.11294,0.0112236,0.00714552,-0.000185659,1,-0.000206922,3.99214e-05,-5.02613e-06,-4.97584,22.1721,3.38802,5.01592e-06,8.34317e-06,-3.36443e-07
0.00994334,-0.0119958,0.00575949,0.999469,0.00673257,-0.0165638,-0.0272424,-0.64323,0.166237,-0.738828,-0.112927,0.00983744,-0.0135812,0.00625216,1,-0.000198018,3.74994e-05,-1.56106e-05,-4.97728,22.1513,3.39407,3.8969e-06,-1.24562e-05,5.78384e-06
-0.00993505,0.00499212,0.00196051,0.999786,0.0194891,0.00120853,-0.00681729,-0.643238,0.166228,-0.738825,-0.112919,-0.0115728,0.00653033,0.00160515,1,-0.000184978,3.04071e-05,-1.47574e-05,-4.9984,22.1713,3.38919,-1.71222e-05,7.44254e-06,1.16243e-06
0.00334071,0.011575,-0.0212343,0.999921,-0.00410627,0.0113883,-0.00340285,-0.643231,0.166234,-0.738829,-0.112924,0.00457555,0.0119932,-0.0231264,1,-0.000192914,3.84046e-05,-1.51697e-05,-4.98244,22.1769,3.36458,-1.21186e-06,1.31453e-05,-2.35815e-05
0.00499461,0.00138628,-0.0039076,0.999917,0.00149094,-0.0111448,-0.00627086,-0.643231,0.166243,-0.738829,-0.112911,0.00502928,0.00050803,-0.0023164,1,-0.000189724,4.07636e-05,-3.04191e-05,-4.98227,22.1654,3.38502,-6.6245e-07,1.73094e-06,-3.22898e-06
0.0175284,-6.5625e-05,-0.0158543,0.999886,-0.00305549,0.0079338,-0.0125122,-0.64323,0.166247,-0.73883,-0.112905,0.0185639,-0.00011308,-0.0169759,1,-0.000188034,4.40837e-05,-3.65092e-05,-4.96885,22.1648,3.37019,1.29229e-05,1.20943e-06,-1.80712e-05
-0.00334247,0.0162935,0.0115624,0.999933,-0.00627948,0.00855028,-0.00464262,-0.64323,0.166251,-0.738831,-0.112892,-0.00515684,0.0176529,0.013926,1,-0.000180068,4.72965e-05,-4.77092e-05,-4.99268,22.1826,3.40068,-1.05589e-05,1.90717e-05,1.24947e-05
0.0109828,-0.0105109,-0.00735636,0.999774,-0.0192788,0.000334833,-0.00890957,-0.64322,0.166255,-0.738837,-0.1129,0.0123197,-0.0128434,-0.00911908,1,-0.000190283,5.72087e-05,-4.33847e-05,-4.97533,22.1523,3.3779,6.61122e-06,-1.11272e-05,-1.04206e-05
-0.00630567,-0.00404345,0.0102929,0.999866,0.0124504,0.00842603,0.00646221,-0.643225,0.166249,-0.738835,-0.112891,-0.00784827,-0.00331485,0.0119006,1,-0.000178576,5.32982e-05,-4.59464e-05,-4.99532,22.1617,3.39863,-1.32055e-05,-1.71591e-06,1.05222e-05
0.00311917,-0.00660803,0.0105181,0.999787,-0.0146561,0.0074141,0.012497,-0.643222,0.166247,-0.738837,-0.112905,0.0040273,-0.00688097,0.0104039,1,-0.000188506,5.42887e-05,-3.45108e-05,-4.98339,22.1582,3.39756,-1.62789e-06,-5.25231e-06,9.36862e-06
0.00524279,0.00802592,0.0215666,0.999989,0.00427635,-0.00187355,0.000631609,-0.643225,0.16624,-0.738835,-0.112907,0.00534346,0.00926064,0.0224918,1,-0.000184552,4.97243e-05,-2.84774e-05,-4.98184,22.1743,3.4097,-1.93083e-07,1.07524e-05,2.16375e-05
-0.008695,-0.00297553,0.0171947,0.999878,-0.00622376,0.00997058,0.0102861,-0.643217,0.166228,-0.738844,-0.112916,-0.009858,-0.00398885,0.0167567,1,-0.000183909,5.86829e-05,-1.20161e-05,-4.9967,22.1613,3.40423,-1.53753e-05,-2.22836e-06,1.63962e-05
0.0149339,0.00622998,0.00808125,0.999874,0.00267964,0.0054608,0.0146703,-0.643214,0.16622,-0.738846,-0.112929,0.0169872,0.00707649,0.00736327,1,-0.000188283,5.85449e-05,2.93956e-06,-4.9696,22.1725,3.39522,1.13387e-05,8.83284e-06,7.45145e-06
-0.00220235,0.00290153,0.0242279,0.99993,-0.00702725,0.00164204,-0.00941309,-0.643212,0.166216,-0.73885,-0.112923,-0.00379161,0.002556,0.0256255,1,-0.000181481,6.30833e-05,3.40635e-06,-4.99026,22.168,3.41332,-9.23605e-06,4.4485e-06,2.57276e-05
0.0155733,0.0072083,0.00829024,0.999996,0.00142107,0.001073,-0.00208821,-0.643209,0.166207,-0.738853,-0.112933,0.0171772,0.0075939,0.00685515,1,-0.000182971,6.48888e-05,1.68326e-05,-4.96903,22.1732,3.39483,1.16881e-05,9.54056e-06,7.36013e-06
-0.00907212,-0.0109082,0.00297629,0.999756,-0.000219049,0.00969265,-0.0198505,-0.643205,0.166204,-0.738858,-0.112922,-0.0112463,-0.0124407,0.00265535,1,-0.000173446,7.28102e-05,1.29948e-05,-4.99738,22.1533,3.39031,-1.64497e-05,-1.02563e-05,3.0452e-06
-0.000564975,-0.00988028,0.00425442,0.999755,0.000591886,0.0221174,-0.000807002,-0.643203,0.166208,-0.738859,-0.112927,0.0003193,-0.0096685,0.00438694,1,-0.000179398,7.43852e-05,1.41521e-05,-4.98591,22.1561,3.39218,-5.06263e-06,-7.43694e-06,4.8115e-06
0.0148024,0.00396649,0.00535908,0.999749,-0.000996245,-0.0210853,0.00750087,-0.643212,0.166202,-0.738851,-0.112932,0.016002,0.00509588,0.00543977,1,-0.000179535,6.08721e-05,1.94688e-05,-4.97006,22.1706,3.39341,1.0616e-05,6.92204e-06,6.02384e-06
-0.0112929,-0.00810128,0.00478606,0.999972,0.00719866,0.00130543,0.00180577,-0.643211,0.166192,-0.738855,-0.112926,-0.0135537,-0.0091943,0.00473217,1,-0.000167808,6.41805e-05,2.31782e-05,-4.99932,22.1565,3.3925,-1.8588e-05,-7.26889e-06,5.42752e-06
0.0076624,0.0015386,-0.0243634,0.999973,0.00248885,-0.00294103,0.00631159,-0.643215,0.166192,-0.738851,-0.112935,0.00941928,0.00242748,-0.0267736,1,-0.000174313,5.79178e-05,2.82247e-05,-4.97634,22.168,3.36127,4.1899e-06,4.16502e-06,-2.59269e-05
0.00841693,-5.5227e-05,-0.00414955,0.999823,-0.0146139,0.0105482,-0.00542611,-0.643212,0.166205,-0.738852,-0.112923,0.008334,-0.000260672,-0.00227634,1,-0.000174638,6.33056e-05,1.12573e-05,-4.97783,22.1653,3.38542,3.09485e-06,1.6385e-06,-1.93863e-06
-0.00417698,-0.0152997,0.00880843,0.999823,-0.0110013,0.0116166,0.00986858,-0.643209,0.166204,-0.738855,-0.112924,-0.00521328,-0.0165456,0.00972662,1,-0.000174177,6.76072e-05,1.37872e-05,-4.99132,22.1491,3.39744,-1.04386e-05,-1.45174e-05,1.01402e-05
-0.00522264,0.00336029,-0.0208028,0.999955,0.000765745,0.00472221,-0.00823784,-0.643214,0.166203,-0.73885,-0.112928,-0.00522385,0.00500881,-0.0233316,1,-0.000176711,6.0209e-05,1.60117e-05,-4.99131,22.1705,3.36451,-1.05252e-05,6.81508e-06,-2.28513e-05
0.000226116,0.000669925,-0.00814387,0.9999,-0.0124896,-0.00660712,0.000151878,-0.643214,0.166217,-0.738848,-0.112925,0.000677261,0.0003108,-0.00688659,1,-0.00018435,6.04269e-05,3.10741e-06,-4.98584,22.1657,3.38088,-4.85323e-06,2.12361e-06,-6.79337e-06
-0.00445244,0.000396605,-0.000482428,0.999301,-0.0268873,0.0211341,0.0150859,-0.643206,0.166223,-0.738852,-0.112933,-0.00487776,0.000403915,4.79482e-05,1,-0.00019425,6.87105e-05,5.0877e-06,-4.99157,22.166,3.38803,-1.07053e-05,2.46523e-06,2.00579e-07
-0.00431383,0.00533212,-0.00587187,0.999909,0.00692557,0.0102948,-0.00523887,-0.643203,0.166225,-0.738855,-0.112931,-0.0042676,0.00574042,-0.00636226,1,-0.000194219,7.28705e-05,3.09594e-06,-4.99102,22.1714,3.38156,-1.00942e-05,7.92654e-06,-6.26938e-06
0.00698072,0.0121514,-0.0090638,0.999854,-0.00466392,-0.00516466,-0.0156075,-0.643202,0.166235,-0.738853,-0.112927,0.00791215,0.0126828,-0.00928796,1,-0.000198309,7.40433e-05,-6.44465e-06,-4.97913,22.1783,3.37853,1.96288e-06,1.49041e-05,-9.4813e-06
0.00857599,0.00286136,-0.0204567,0.999784,-0.0193684,0.0033285,-0.00681735,-0.643197,0.166243,-0.738857,-0.112923,0.00863117,0.00204828,-0.0213824,1,-0.000201292,8.234e-05,-1.42223e-05,-4.97867,22.1678,3.36631,2.59241e-06,4.51848e-06,-2.1809e-05
